article,source_file,author,publication_date,language,type,anchor_1_paragraph,anchor_1_exact_text,anchor_2_paragraph,anchor_2_exact_text,content_warning
Just One More Scroll,Pieces by Ishita.docx,Ishita,2026-10-07,English,Essay,18,You wake up tired. You press snooze five times. You walk into class and spend the first ten minutes trying to remember why you’re there.,28,"You don’t have to completely delete every social media app, throw your phone into a river, and become a monk.",None stated in source.
A Little Comfort on a Bad Day,Pieces by Ishita.docx,Ishita,2026-10-07,English,Essay,47,There is actually some science behind why certain foods can feel comforting.,56,So maybe comfort food doesn’t need to be either glorified or villainised. It can just be what it is: a small form of comfort.,None stated in source.
You Don’t Have to Love Your Body Every Day,Pieces by Ishita.docx,Ishita,2026-10-07,English,Essay,76,The idea of body neutrality is partly about shifting the focus from how your body looks to what your body does and how you treat it.,89,Maybe it’s to make peace with the fact that there will be many versions of yourself.,None stated in source.
What if they find out?,What if they find out-Imposter-Syndrome.docx,Johanna Huber,2026-10-07,English,Essay,57,Your successes become exceptions. Your failures become evidence.,83,Everyone else seems so sure of themselves.,None stated in source.
A Cozy Mental-Reset,A Cozy Mental-Reset.docx,Ruby and Sophia,2026-10-07,English,Lifestyle / wellbeing,18,https://www.elizabethrider.com/sorbet-recipe/#tasty-recipes-16178-jump-target,60,"There’s no perfect formula for a mental reset. Maybe yours involves popcorn, ice cream, and three episodes of Gilmore Girls.",None stated in source.
YOU WERE MY MEANING,You were my meaning - poem.docx,Sophia,2026-10-07,English,Poem,16,I mistook you for home.,28,the version of me that existed around you.,None stated in source.
Echo der Gedanken,German poem by Sanja.docx,Sanja,2026-10-07,German,Poem,10,"Dank der Budgetierung, oh nein, könnte der Zugang zu Therapie bald schwieriger sein.",14,"Die Gedanken rasen, über meinem Kopf schweben Blasen.",The poem references suicidal thoughts and barriers to therapy.
Shards,Shards.docx,Sophia,2026-10-07,English,Fiction,39,It works without tablets. All I need is a dancer on repeat.,104,It is as if my soul were made of shards.,"Content note in source: bipolar disorder, hearing voices, suicidal thoughts."
Der lange Weg zur Heilung,MindState_Der lange Weg zur Heilung (1).docx,"Not stated in article byline. Document metadata lists Kanesarasa, Sophia.",2026-10-07,German,Fiction,32,"Zu diesem Zeitpunkt wussten wir noch nicht, dass dies das letzte Mal sein würde, dass wir sie sehen.",79,"Dann, nach einem Moment, klemme ich sie mir doch hinter das Ohr.","Source content warning: death of a child, political persecution, detention, grief, trauma and panic attacks."
The Long Road to Healing,The Long Road to Healing (1).docx,"Not stated in article byline. Document metadata lists Kanesarasa, Sophia.",2026-10-07,English,Fiction,32,"At that point, we did not yet know it would be the last time we saw her.",68,"Then, after a moment, I clip it behind my ear after all.","Source content warning: death of a child, political persecution, detention, grief, trauma and panic attacks."
Die Weitergabe von Mutter zu Tochter: Das Körperbild,Personal Essay in German Die Weitergabe von Mutter zu Tochter Das Körperbild by Selina.docx,Selina,2026-10-07,German,Personal essay,8,Seitdem fühlte sich die Waage manchmal wie eine Droge an.,13,"Deshalb möchte ich euch etwas mitgeben: Sagt eurer Mutter, dass sie schön ist, so wie sie ist.",None stated in source.
